{"cameraMode":{"drawMode":0,"name":"Shaded","section":"Shading Mode"},"sceneLighting":true,"audioPlay":false,"sceneViewState":{"m_AlwaysRefresh":false,"showFog":true,"showSkybox":true,"showFlares":true,"showImageEffects":true,"showParticleSystems":true,"showVisualEffectGraphs":true,"m_FxEnabled":true},"in2DMode":false,"pivot":{"x":-0.5970349907875061,"y":1.8058795928955079,"z":-1.5848770141601563},"rotation":{"x":-0.007262284401804209,"y":0.9447330832481384,"z":-0.3270919620990753,"w":-0.02097543329000473},"size":10.317554473876954,"orthographic":false}